PT,Varianz,Standard Abweichung,Mittewert,max,min
Fleisch,19.17,4.378355855797928,29.9,40,20,
Milch,18.225600000000004,4.269145113485838,9.9,20,0,
Getreide,17.185600000000004,4.145551832989186,29.1,38,15,
Eier,14.490000000000002,3.8065732621348563,9.9,18,0,
Speisefette und Öle,21.84,4.673328578219169,21.2,32,10